<?xml version="1.0" encoding="UTF-8"?>
<project-private xmlns="http://www.netbeans.org/ns/project-private/1">
    <editor-bookmarks xmlns="http://www.netbeans.org/ns/editor-bookmarks/2" lastBookmarkId="0"/>
    <open-files xmlns="http://www.netbeans.org/ns/projectui-open-files/2">
        <group>
            <file>file:/C:/Users/Avell/MPLABXProjects/lab2_afreertos_v10_pic32mm.X/freertos_v10_pic32mm.X/main.c</file>
            <file>file:/C:/Users/Avell/MPLABXProjects/lab2_afreertos_v10_pic32mm.X/freertos_v10_pic32mm.X/mcc_generated_files/pin_manager.c</file>
            <file>file:/C:/Users/Avell/MPLABXProjects/lab2_afreertos_v10_pic32mm.X/freertos_v10_pic32mm.X/mcc_generated_files/interrupt_manager.c</file>
        </group>
    </open-files>
</project-private>
